{"cameraMode":{"drawMode":0,"name":"Shaded","section":"Shading Mode"},"sceneLighting":false,"audioPlay":false,"sceneViewState":{"showFog":true,"showMaterialUpdate":false,"showSkybox":false,"showFlares":true,"showImageEffects":true,"showParticleSystems":true},"in2DMode":false,"pivot":{"x":11.498435020446778,"y":25.360000610351564,"z":28.394012451171876},"rotation":{"x":0.15734712779521943,"y":0.5094422101974487,"z":-0.095509372651577,"w":0.8407139182090759},"size":14.582595825195313,"orthographic":false}