{"cameraMode":{"drawMode":0,"name":"Shaded","section":"Shading Mode"},"sceneLighting":false,"audioPlay":false,"sceneViewState":{"showFog":true,"showMaterialUpdate":false,"showSkybox":false,"showFlares":true,"showImageEffects":true,"showParticleSystems":true},"in2DMode":false,"pivot":{"x":40.670799255371097,"y":20.544893264770509,"z":16.80373191833496},"rotation":{"x":0.046009454876184466,"y":0.21002033352851869,"z":-0.010026390664279461,"w":0.976671040058136},"size":4.098121643066406,"orthographic":false}